{"assets/AUimage.jpg":["assets/AUimage.jpg"],"assets/INC.jpg":["assets/INC.jpg"],"assets/OTP Screen Image.png":["assets/OTP Screen Image.png"],"assets/PDF_file_icon.svg.png":["assets/PDF_file_icon.svg.png"],"assets/PPTLogo.png":["assets/PPTLogo.png"],"assets/SPECPOL.png":["assets/SPECPOL.png"],"assets/TMO.png":["assets/TMO.png"],"assets/TWC.jpg":["assets/TWC.jpg"],"assets/UMDLogo.jpg":["assets/UMDLogo.jpg"],"assets/UMV.jpg":["assets/UMV.jpg"],"assets/UNODC.jpg":["assets/UNODC.jpg"],"assets/reg.js":["assets/reg.js"],"assets/svg.png":["assets/svg.png"],"fonts/CrimsonText-Regular.ttf":["fonts/CrimsonText-Regular.ttf"],"fonts/Lato-Bold.ttf":["fonts/Lato-Bold.ttf"],"fonts/Lato-Regular.ttf":["fonts/Lato-Regular.ttf"],"packages/cupertino_icons/assets/CupertinoIcons.ttf":["packages/cupertino_icons/assets/CupertinoIcons.ttf"],"packages/fluttertoast/assets/toastify.css":["packages/fluttertoast/assets/toastify.css"],"packages/fluttertoast/assets/toastify.js":["packages/fluttertoast/assets/toastify.js"],"packages/font_awesome_flutter/lib/fonts/fa-brands-400.ttf":["packages/font_awesome_flutter/lib/fonts/fa-brands-400.ttf"],"packages/font_awesome_flutter/lib/fonts/fa-regular-400.ttf":["packages/font_awesome_flutter/lib/fonts/fa-regular-400.ttf"],"packages/font_awesome_flutter/lib/fonts/fa-solid-900.ttf":["packages/font_awesome_flutter/lib/fonts/fa-solid-900.ttf"],"packages/wakelock_plus/assets/no_sleep.js":["packages/wakelock_plus/assets/no_sleep.js"]}